t,bead x,bead y,bead z,cam x,cam y,cam z,act x,act y1,act z,act y2,curr 1,curr 2,curr 3,curr 4,ps power
   8.9359, 0.0541, 0.0084,-0.0267,-0.0319, 0.0519,-0.0267, 0.9338, 0.4880, 6.0446, 1.6710, 0.0000, 0.0000, 0.0000, 0.0000,False
   9.0353, 0.0541, 0.0084,-0.0267,-0.0319, 0.0519,-0.0267, 0.9338, 0.4880, 6.0446, 1.6710, 0.0000, 0.0000, 0.0000, 0.0000,False
   9.1356, 0.0541, 0.0084,-0.0267,-0.0319, 0.0519,-0.0267, 0.9338, 0.4880, 6.0446, 1.6710, 0.0000, 0.0000, 0.0000, 0.0000,False
   9.2793, 0.0541, 0.0084,-0.0267,-0.0319, 0.0519,-0.0267, 0.9338, 0.4880, 6.0446, 1.6710, 0.0000, 0.0000, 0.0000, 0.0000,False
   9.4100, 0.0541, 0.0084,-0.0267,-0.0319, 0.0519,-0.0267, 0.9338, 0.4880, 6.0446, 1.6710, 0.0000, 0.0000, 0.0000, 0.0000,False
   9.5136, 0.0541, 0.0084,-0.0267,-0.0319, 0.0519,-0.0267, 0.9338, 0.4880, 6.0446, 1.6710, 0.0000, 0.0000, 0.0000, 0.0000,False
   9.6505, 0.0541, 0.0084,-0.0267,-0.0319, 0.0519,-0.0267, 0.9338, 0.4880, 6.0446, 1.6710, 0.0000, 0.0000, 0.0000, 0.0000,False
   9.7812, 0.0541, 0.0084,-0.0267,-0.0319, 0.0519,-0.0267, 0.9338, 0.4880, 6.0446, 1.6710, 0.0000, 0.0000, 0.0000, 0.0000,False
   9.9099, 0.0541, 0.0084,-0.0267,-0.0319, 0.0519,-0.0267, 0.9338, 0.4880, 6.0446, 1.6710, 0.0000, 0.0000, 0.0000, 0.0000,False
  10.1777, 0.0541, 0.0084,-0.0267,-0.0319, 0.0519,-0.0267, 0.9338, 0.4880, 6.0446, 1.6710, 0.0000, 0.0000, 0.0000, 0.0000,False
  10.4045, 0.0541, 0.0084,-0.0267,-0.0319, 0.0519,-0.0267, 0.9338, 0.4880, 6.0446, 1.6710, 0.0000, 0.0000, 0.0000, 0.0000,False
  10.6749, 0.0541, 0.0084,-0.0267,-0.0319, 0.0519,-0.0267, 0.9338, 0.4880, 6.0446, 1.6710, 0.0000, 0.0000, 0.0000, 0.0000,False
  10.8055, 0.0541, 0.0084,-0.0267,-0.0319, 0.0519,-0.0267, 0.9338, 0.4880, 6.0446, 1.6710, 0.0000, 0.0000, 0.0000, 0.0000,False
  10.9399, 0.0541, 0.0084,-0.0267,-0.0319, 0.0519,-0.0267, 0.9338, 0.4880, 6.0446, 1.6710, 0.0000, 0.0000, 0.0000, 0.0000,False
  11.0836, 0.0541, 0.0084,-0.0267,-0.0319, 0.0519,-0.0267, 0.9338, 0.4880, 6.0446, 1.6710, 0.0000, 0.0000, 0.0000, 0.0000,False
  11.1979, 0.0541, 0.0084,-0.0267,-0.0319, 0.0519,-0.0267, 0.9338, 0.4880, 6.0446, 1.6710, 0.0000, 0.0000, 0.0000, 0.0000,False
  11.3713, 0.0541, 0.0084,-0.0267,-0.0319, 0.0519,-0.0267, 0.9338, 0.4880, 6.0446, 1.6710, 0.0000, 0.0000, 0.0000, 0.0000,False
  11.4724, 0.0541, 0.0084,-0.0267,-0.0319, 0.0519,-0.0267, 0.9338, 0.4880, 6.0446, 1.6710, 0.0000, 0.0000, 0.0000, 0.0000,False
  11.5736, 0.0541, 0.0084,-0.0267,-0.0319, 0.0519,-0.0267, 0.9338, 0.4880, 6.0446, 1.6710, 0.0000, 0.0000, 0.0000, 0.0000,False
  11.8493, 0.0541, 0.0084,-0.0267,-0.0319, 0.0519,-0.0267, 0.9338, 0.4880, 6.0446, 1.6710, 0.0000, 0.0000, 0.0000, 0.0000,False
  12.0838, 0.0541, 0.0084,-0.0267,-0.0319, 0.0519,-0.0267, 0.9338, 0.4880, 6.0446, 1.6710, 0.0000, 0.0000, 0.0000, 0.0000,False
  12.3529, 0.0541, 0.0084,-0.0267,-0.0319, 0.0519,-0.0267, 0.9338, 0.4880, 6.0446, 1.6710, 0.0000, 0.0000, 0.0000, 0.0000,False
  12.4858, 0.0541, 0.0084,-0.0267,-0.0319, 0.0519,-0.0267, 0.9338, 0.4880, 6.0446, 1.6710, 0.0000, 0.0000, 0.0000, 0.0000,False
  12.6281, 0.0541, 0.0084,-0.0267,-0.0319, 0.0519,-0.0267, 0.9338, 0.4880, 6.0446, 1.6710, 0.0000, 0.0000, 0.0000, 0.0000,False
  12.7260, 0.0541, 0.0084,-0.0267,-0.0319, 0.0519,-0.0267, 0.9338, 0.4880, 6.0446, 1.6710, 0.0000, 0.0000, 0.0000, 0.0000,False
  12.8659, 0.0541, 0.0084,-0.0267,-0.0319, 0.0519,-0.0267, 0.9338, 0.4880, 6.0446, 1.6710, 0.0000, 0.0000, 0.0000, 0.0000,False
  13.0048, 0.0541, 0.0084,-0.0267,-0.0319, 0.0519,-0.0267, 0.9338, 0.4880, 6.0446, 1.6710, 0.0000, 0.0000, 0.0000, 0.0000,False
  13.1075, 0.0541, 0.0084,-0.0267,-0.0319, 0.0519,-0.0267, 0.9338, 0.4880, 6.0446, 1.6710, 0.0000, 0.0000, 0.0000, 0.0000,False
  13.2392, 0.0541, 0.0084,-0.0267,-0.0319, 0.0519,-0.0267, 0.9338, 0.4880, 6.0446, 1.6710, 0.0000, 0.0000, 0.0000, 0.0000,False
  13.5111, 0.0541, 0.0084,-0.0267,-0.0319, 0.0519,-0.0267, 0.9338, 0.4880, 6.0446, 1.6710, 0.0000, 0.0000, 0.0000, 0.0000,False
  13.9328, 0.0541, 0.0084,-0.0267,-0.0319, 0.0519,-0.0267, 0.9338, 0.4880, 6.0446, 1.6710, 0.0000, 0.0000, 0.0000, 0.0000,False
  14.0355, 0.0541, 0.0084,-0.0267,-0.0319, 0.0519,-0.0267, 0.9338, 0.4880, 6.0446, 1.6710, 0.0000, 0.0000, 0.0000, 0.0000,False
  14.1395, 0.0541, 0.0084,-0.0267,-0.0319, 0.0519,-0.0267, 0.9338, 0.4880, 6.0446, 1.6710, 0.0000, 0.0000, 0.0000, 0.0000,False
  14.2863, 0.0541, 0.0084,-0.0267,-0.0319, 0.0519,-0.0267, 0.9338, 0.4880, 6.0446, 1.6710, 0.0000, 0.0000, 0.0000, 0.0000,False
  14.4242, 0.0541, 0.0084,-0.0267,-0.0319, 0.0519,-0.0267, 0.9338, 0.4880, 6.0446, 1.6710, 0.0000, 0.0000, 0.0000, 0.0000,False
  14.5182, 0.0541, 0.0084,-0.0267,-0.0319, 0.0519,-0.0267, 0.9338, 0.4880, 6.0446, 1.6710, 0.0000, 0.0000, 0.0000, 0.0000,False
  14.6656, 0.0541, 0.0084,-0.0267,-0.0319, 0.0519,-0.0267, 0.9338, 0.4880, 6.0446, 1.6710, 0.0000, 0.0000, 0.0000, 0.0000,False
  14.7761, 0.0541, 0.0084,-0.0267,-0.0319, 0.0519,-0.0267, 0.9338, 0.4880, 6.0446, 1.6710, 0.0000, 0.0000, 0.0000, 0.0000,False
  14.9041, 0.0541, 0.0084,-0.0267,-0.0319, 0.0519,-0.0267, 0.9338, 0.4880, 6.0446, 1.6710, 0.0000, 0.0000, 0.0000, 0.0000,False
  15.0355, 0.0541, 0.0084,-0.0267,-0.0319, 0.0519,-0.0267, 0.9338, 0.4880, 6.0446, 1.6710, 0.0000, 0.0000, 0.0000, 0.0000,False
  15.2856, 0.0541, 0.0084,-0.0267,-0.0319, 0.0519,-0.0267, 0.9338, 0.4880, 6.0446, 1.6710, 0.0000, 0.0000, 0.0000, 0.0000,False
  15.5484, 0.0541, 0.0084,-0.0267,-0.0319, 0.0519,-0.0267, 0.9338, 0.4880, 6.0446, 1.6710, 0.0000, 0.0000, 0.0000, 0.0000,False
  15.6898, 0.0541, 0.0084,-0.0267,-0.0319, 0.0519,-0.0267, 0.9338, 0.4880, 6.0446, 1.6710, 0.0000, 0.0000, 0.0000, 0.0000,False
  15.8224, 0.0541, 0.0084,-0.0267,-0.0319, 0.0519,-0.0267, 0.9338, 0.4880, 6.0446, 1.6710, 0.0000, 0.0000, 0.0000, 0.0000,False
  15.9557, 0.0541, 0.0084,-0.0267,-0.0319, 0.0519,-0.0267, 0.9338, 0.4880, 6.0446, 1.6710, 0.0000, 0.0000, 0.0000, 0.0000,False
  16.0915, 0.0541, 0.0084,-0.0267,-0.0319, 0.0519,-0.0267, 0.9338, 0.4880, 6.0446, 1.6710, 0.0000, 0.0000, 0.0000, 0.0000,False
  16.1874, 0.0541, 0.0084,-0.0267,-0.0319, 0.0519,-0.0267, 0.9338, 0.4880, 6.0446, 1.6710, 0.0000, 0.0000, 0.0000, 0.0000,False
  16.3224, 0.0541, 0.0084,-0.0267,-0.0319, 0.0519,-0.0267, 0.9338, 0.4880, 6.0446, 1.6710, 0.0000, 0.0000, 0.0000, 0.0000,False
  16.4457, 0.0541, 0.0084,-0.0267,-0.0319, 0.0519,-0.0267, 0.9338, 0.4880, 6.0446, 1.6710, 0.0000, 0.0000, 0.0000, 0.0000,False
  16.6220, 0.0541, 0.0084,-0.0267,-0.0319, 0.0519,-0.0267, 0.9338, 0.4880, 6.0446, 1.6710, 0.0000, 0.0000, 0.0000, 0.0000,False
  16.8620, 0.0541, 0.0084,-0.0267,-0.0319, 0.0519,-0.0267, 0.9338, 0.4880, 6.0446, 1.6710, 0.0000, 0.0000, 0.0000, 0.0000,False
  17.1584, 0.0541, 0.0084,-0.0267,-0.0319, 0.0519,-0.0267, 0.9338, 0.4880, 6.0446, 1.6710, 0.0000, 0.0000, 0.0000, 0.0000,False
  17.3714, 0.0541, 0.0084,-0.0267,-0.0319, 0.0519,-0.0267, 0.9338, 0.4880, 6.0446, 1.6710, 0.0000, 0.0000, 0.0000, 0.0000,False
  17.5081, 0.0541, 0.0084,-0.0267,-0.0319, 0.0519,-0.0267, 0.9338, 0.4880, 6.0446, 1.6710, 0.0000, 0.0000, 0.0000, 0.0000,False
  17.6069, 0.0541, 0.0084,-0.0267,-0.0319, 0.0519,-0.0267, 0.9338, 0.4880, 6.0446, 1.6710, 0.0000, 0.0000, 0.0000, 0.0000,False
  17.7581, 0.0541, 0.0084,-0.0267,-0.0319, 0.0519,-0.0267, 0.9338, 0.4880, 6.0446, 1.6710, 0.0000, 0.0000, 0.0000, 0.0000,False
  17.8615, 0.0541, 0.0084,-0.0267,-0.0319, 0.0519,-0.0267, 0.9338, 0.4880, 6.0446, 1.6710, 0.0000, 0.0000, 0.0000, 0.0000,False
  18.0056, 0.0541, 0.0084,-0.0267,-0.0319, 0.0519,-0.0267, 0.9338, 0.4880, 6.0446, 1.6710, 0.0000, 0.0000, 0.0000, 0.0000,False
  18.1416, 0.0541, 0.0084,-0.0267,-0.0319, 0.0519,-0.0267, 0.9338, 0.4880, 6.0446, 1.6710, 0.0000, 0.0000, 0.0000, 0.0000,False
  18.2743, 0.0541, 0.0084,-0.0267,-0.0319, 0.0519,-0.0267, 0.9338, 0.4880, 6.0446, 1.6710, 0.0000, 0.0000, 0.0000, 0.0000,False
  18.5414, 0.0541, 0.0084,-0.0267,-0.0319, 0.0519,-0.0267, 0.9338, 0.4880, 6.0446, 1.6710, 0.0000, 0.0000, 0.0000, 0.0000,False
  18.7681, 0.0541, 0.0084,-0.0267,-0.0319, 0.0519,-0.0267, 0.9338, 0.4880, 6.0446, 1.6710, 0.0000, 0.0000, 0.0000, 0.0000,False
  19.0115, 0.0541, 0.0084,-0.0267,-0.0319, 0.0519,-0.0267, 0.9338, 0.4880, 6.0446, 1.6710, 0.0000, 0.0000, 0.0000, 0.0000,False
  19.1816, 0.0541, 0.0084,-0.0267,-0.0319, 0.0519,-0.0267, 0.9338, 0.4880, 6.0446, 1.6710, 0.0000, 0.0000, 0.0000, 0.0000,False
  19.2790, 0.0541, 0.0084,-0.0267,-0.0319, 0.0519,-0.0267, 0.9338, 0.4880, 6.0446, 1.6710, 0.0000, 0.0000, 0.0000, 0.0000,False
  19.4170, 0.0541, 0.0084,-0.0267,-0.0319, 0.0519,-0.0267, 0.9338, 0.4880, 6.0446, 1.6710, 0.0000, 0.0000, 0.0000, 0.0000,False
  19.5992, 0.0541, 0.0084,-0.0267,-0.0319, 0.0519,-0.0267, 0.9338, 0.4880, 6.0446, 1.6710, 0.0000, 0.0000, 0.0000, 0.0000,False
  19.8471, 0.0541, 0.0084,-0.0267,-0.0319, 0.0519,-0.0267, 0.9338, 0.4880, 6.0446, 1.6710, 0.0000, 0.0000, 0.0000, 0.0000,False
  19.9481, 0.0541, 0.0084,-0.0267,-0.0319, 0.0519,-0.0267, 0.9338, 0.4880, 6.0446, 1.6710, 0.0000, 0.0000, 0.0000, 0.0000,False
  20.1838, 0.0541, 0.0084,-0.0267,-0.0319, 0.0519,-0.0267, 0.9338, 0.4880, 6.0446, 1.6710, 0.0000, 0.0000, 0.0000, 0.0000,False
  20.4362, 0.0541, 0.0084,-0.0267,-0.0319, 0.0519,-0.0267, 0.9338, 0.4880, 6.0446, 1.6710, 0.0000, 0.0000, 0.0000, 0.0000,False
  20.7015, 0.0541, 0.0084,-0.0267,-0.0319, 0.0519,-0.0267, 0.9338, 0.4880, 6.0446, 1.6710, 0.0000, 0.0000, 0.0000, 0.0000,False
  20.8329, 0.0541, 0.0084,-0.0267,-0.0319, 0.0519,-0.0267, 0.9338, 0.4880, 6.0446, 1.6710, 0.0000, 0.0000, 0.0000, 0.0000,False
  20.9603, 0.0541, 0.0084,-0.0267,-0.0319, 0.0519,-0.0267, 0.9338, 0.4880, 6.0446, 1.6710, 0.0000, 0.0000, 0.0000, 0.0000,False
  21.0864, 0.0541, 0.0084,-0.0267,-0.0319, 0.0519,-0.0267, 0.9338, 0.4880, 6.0446, 1.6710, 0.0000, 0.0000, 0.0000, 0.0000,False
  21.2388, 0.0541, 0.0084,-0.0267,-0.0319, 0.0519,-0.0267, 0.9338, 0.4880, 6.0446, 1.6710, 0.0000, 0.0000, 0.0000, 0.0000,False
  21.3406, 0.0541, 0.0084,-0.0267,-0.0319, 0.0519,-0.0267, 0.9338, 0.4880, 6.0446, 1.6710, 0.0000, 0.0000, 0.0000, 0.0000,False
  21.4821, 0.0541, 0.0084,-0.0267,-0.0319, 0.0519,-0.0267, 0.9338, 0.4880, 6.0446, 1.6710, 0.0000, 0.0000, 0.0000, 0.0000,False
  21.5857, 0.0541, 0.0084,-0.0267,-0.0319, 0.0519,-0.0267, 0.9338, 0.4880, 6.0446, 1.6710, 0.0000, 0.0000, 0.0000, 0.0000,False
  21.7263, 0.0541, 0.0084,-0.0267,-0.0319, 0.0519,-0.0267, 0.9338, 0.4880, 6.0446, 1.6710, 0.0000, 0.0000, 0.0000, 0.0000,False
  22.0022, 0.0541, 0.0084,-0.0267,-0.0319, 0.0519,-0.0267, 0.9338, 0.4880, 6.0446, 1.6710, 0.0000, 0.0000, 0.0000, 0.0000,False
  22.2336, 0.0541, 0.0084,-0.0267,-0.0319, 0.0519,-0.0267, 0.9338, 0.4880, 6.0446, 1.6710, 0.0000, 0.0000, 0.0000, 0.0000,False
  22.4887, 0.0541, 0.0084,-0.0267,-0.0319, 0.0519,-0.0267, 0.9338, 0.4880, 6.0446, 1.6710, 0.0000, 0.0000, 0.0000, 0.0000,False
  22.6149, 0.0541, 0.0084,-0.0267,-0.0319, 0.0519,-0.0267, 0.9338, 0.4880, 6.0446, 1.6710, 0.0000, 0.0000, 0.0000, 0.0000,False
  22.7514, 0.0541, 0.0084,-0.0267,-0.0319, 0.0519,-0.0267, 0.9338, 0.4880, 6.0446, 1.6710, 0.0000, 0.0000, 0.0000, 0.0000,False
  22.8784, 0.0541, 0.0084,-0.0267,-0.0319, 0.0519,-0.0267, 0.9338, 0.4880, 6.0446, 1.6710, 0.0000, 0.0000, 0.0000, 0.0000,False
  23.0067, 0.0541, 0.0084,-0.0267,-0.0319, 0.0519,-0.0267, 0.9338, 0.4880, 6.0446, 1.6710, 0.0000, 0.0000, 0.0000, 0.0000,False
  23.1343, 0.0541, 0.0084,-0.0267,-0.0319, 0.0519,-0.0267, 0.9338, 0.4880, 6.0446, 1.6710, 0.0000, 0.0000, 0.0000, 0.0000,False
  23.2657, 0.0541, 0.0084,-0.0267,-0.0319, 0.0519,-0.0267, 0.9338, 0.4880, 6.0446, 1.6710, 0.0000, 0.0000, 0.0000, 0.0000,False
  23.3969, 0.0541, 0.0084,-0.0267,-0.0319, 0.0519,-0.0267, 0.9338, 0.4880, 6.0446, 1.6710, 0.0000, 0.0000, 0.0000, 0.0000,False
  23.6597, 0.0541, 0.0084,-0.0267,-0.0319, 0.0519,-0.0267, 0.9338, 0.4880, 6.0446, 1.6710, 0.0000, 0.0000, 0.0000, 0.0000,False
  23.8921, 0.0541, 0.0084,-0.0267,-0.0319, 0.0519,-0.0267, 0.9338, 0.4880, 6.0446, 1.6710, 0.0000, 0.0000, 0.0000, 0.0000,False
  24.1520, 0.0541, 0.0084,-0.0267,-0.0319, 0.0519,-0.0267, 0.9338, 0.4880, 6.0446, 1.6710, 0.0000, 0.0000, 0.0000, 0.0000,False
  24.2807, 0.0541, 0.0084,-0.0267,-0.0319, 0.0519,-0.0267, 0.9338, 0.4880, 6.0446, 1.6710, 0.0000, 0.0000, 0.0000, 0.0000,False
  24.4123, 0.0541, 0.0084,-0.0267,-0.0319, 0.0519,-0.0267, 0.9338, 0.4880, 6.0446, 1.6710, 0.0000, 0.0000, 0.0000, 0.0000,False
  24.5712, 0.0541, 0.0084,-0.0267,-0.0319, 0.0519,-0.0267, 0.9338, 0.4880, 6.0446, 1.6710, 0.0000, 0.0000, 0.0000, 0.0000,False
  24.6730, 0.0541, 0.0084,-0.0267,-0.0319, 0.0519,-0.0267, 0.9338, 0.4880, 6.0446, 1.6710, 0.0000, 0.0000, 0.0000, 0.0000,False
  24.8365, 0.0541, 0.0084,-0.0267,-0.0319, 0.0519,-0.0267, 0.9338, 0.4880, 6.0446, 1.6710, 0.0000, 0.0000, 0.0000, 0.0000,False
  25.0731, 0.0541, 0.0084,-0.0267,-0.0319, 0.0519,-0.0267, 0.9338, 0.4880, 6.0446, 1.6710, 0.0000, 0.0000, 0.0000, 0.0000,False
  25.3364, 0.0541, 0.0084,-0.0267,-0.0319, 0.0519,-0.0267, 0.9338, 0.4880, 6.0446, 1.6710, 0.0000, 0.0000, 0.0000, 0.0000,False
  25.5674, 0.0541, 0.0084,-0.0267,-0.0319, 0.0519,-0.0267, 0.9338, 0.4880, 6.0446, 1.6710, 0.0000, 0.0000, 0.0000, 0.0000,False
  25.8309, 0.0541, 0.0084,-0.0267,-0.0319, 0.0519,-0.0267, 0.9338, 0.4880, 6.0446, 1.6710, 0.0000, 0.0000, 0.0000, 0.0000,False
  25.9645, 0.0541, 0.0084,-0.0267,-0.0319, 0.0519,-0.0267, 0.9338, 0.4880, 6.0446, 1.6710, 0.0000, 0.0000, 0.0000, 0.0000,False
  26.0998, 0.0541, 0.0084,-0.0267,-0.0319, 0.0519,-0.0267, 0.9338, 0.4880, 6.0446, 1.6710, 0.0000, 0.0000, 0.0000, 0.0000,False
  26.2337, 0.0541, 0.0084,-0.0267,-0.0319, 0.0519,-0.0267, 0.9338, 0.4880, 6.0446, 1.6710, 0.0000, 0.0000, 0.0000, 0.0000,False
  26.3661, 0.0541, 0.0084,-0.0267,-0.0319, 0.0519,-0.0267, 0.9338, 0.4880, 6.0446, 1.6710, 0.0000, 0.0000, 0.0000, 0.0000,False
  26.4608, 0.0541, 0.0084,-0.0267,-0.0319, 0.0519,-0.0267, 0.9338, 0.4880, 6.0446, 1.6710, 0.0000, 0.0000, 0.0000, 0.0000,False
  26.5976, 0.0541, 0.0084,-0.0267,-0.0319, 0.0519,-0.0267, 0.9338, 0.4880, 6.0446, 1.6710, 0.0000, 0.0000, 0.0000, 0.0000,False
  26.7296, 0.0541, 0.0084,-0.0267,-0.0319, 0.0519,-0.0267, 0.9338, 0.4880, 6.0446, 1.6710, 0.0000, 0.0000, 0.0000, 0.0000,False
  26.8632, 0.0541, 0.0084,-0.0267,-0.0319, 0.0519,-0.0267, 0.9338, 0.4880, 6.0446, 1.6710, 0.0000, 0.0000, 0.0000, 0.0000,False
  27.1171, 0.0541, 0.0084,-0.0267,-0.0319, 0.0519,-0.0267, 0.9338, 0.4880, 6.0446, 1.6710, 0.0000, 0.0000, 0.0000, 0.0000,False
  27.3764, 0.0541, 0.0084,-0.0267,-0.0319, 0.0519,-0.0267, 0.9338, 0.4880, 6.0446, 1.6710, 0.0000, 0.0000, 0.0000, 0.0000,False
  27.5052, 0.0541, 0.0084,-0.0267,-0.0319, 0.0519,-0.0267, 0.9338, 0.4880, 6.0446, 1.6710, 0.0000, 0.0000, 0.0000, 0.0000,False
  27.6319, 0.0541, 0.0084,-0.0267,-0.0319, 0.0519,-0.0267, 0.9338, 0.4880, 6.0446, 1.6710, 0.0000, 0.0000, 0.0000, 0.0000,False
  27.7644, 0.0541, 0.0084,-0.0267,-0.0319, 0.0519,-0.0267, 0.9338, 0.4880, 6.0446, 1.6710, 0.0000, 0.0000, 0.0000, 0.0000,False
  27.8957, 0.0541, 0.0084,-0.0267,-0.0319, 0.0519,-0.0267, 0.9338, 0.4880, 6.0446, 1.6710, 0.0000, 0.0000, 0.0000, 0.0000,False
  28.0302, 0.0541, 0.0084,-0.0267,-0.0319, 0.0519,-0.0267, 0.9338, 0.4880, 6.0446, 1.6710, 0.0000, 0.0000, 0.0000, 0.0000,False
  28.1671, 0.0541, 0.0084,-0.0267,-0.0319, 0.0519,-0.0267, 0.9338, 0.4880, 6.0446, 1.6710, 0.0000, 0.0000, 0.0000, 0.0000,False
  28.2632, 0.0541, 0.0084,-0.0267,-0.0319, 0.0519,-0.0267, 0.9338, 0.4880, 6.0446, 1.6710, 0.0000, 0.0000, 0.0000, 0.0000,False
  28.4012, 0.0541, 0.0084,-0.0267,-0.0319, 0.0519,-0.0267, 0.9338, 0.4880, 6.0446, 1.6710, 0.0000, 0.0000, 0.0000, 0.0000,False
  28.6681, 0.0541, 0.0084,-0.0267,-0.0319, 0.0519,-0.0267, 0.9338, 0.4880, 6.0446, 1.6710, 0.0000, 0.0000, 0.0000, 0.0000,False
  28.9067, 0.0541, 0.0084,-0.0267,-0.0319, 0.0519,-0.0267, 0.9338, 0.4880, 6.0446, 1.6710, 0.0000, 0.0000, 0.0000, 0.0000,False
  29.1735, 0.0541, 0.0084,-0.0267,-0.0319, 0.0519,-0.0267, 0.9338, 0.4880, 6.0446, 1.6710, 0.0000, 0.0000, 0.0000, 0.0000,False
  29.3174, 0.0541, 0.0084,-0.0267,-0.0319, 0.0519,-0.0267, 0.9338, 0.4880, 6.0446, 1.6710, 0.0000, 0.0000, 0.0000, 0.0000,False
  29.4232, 0.0541, 0.0084,-0.0267,-0.0319, 0.0519,-0.0267, 0.9338, 0.4880, 6.0446, 1.6710, 0.0000, 0.0000, 0.0000, 0.0000,False
  29.5755, 0.0541, 0.0084,-0.0267,-0.0319, 0.0519,-0.0267, 0.9338, 0.4880, 6.0446, 1.6710, 0.0000, 0.0000, 0.0000, 0.0000,False
  29.6737, 0.0541, 0.0084,-0.0267,-0.0319, 0.0519,-0.0267, 0.9338, 0.4880, 6.0446, 1.6710, 0.0000, 0.0000, 0.0000, 0.0000,False
  29.8376, 0.0541, 0.0084,-0.0267,-0.0319, 0.0519,-0.0267, 0.9338, 0.4880, 6.0446, 1.6710, 0.0000, 0.0000, 0.0000, 0.0000,False
  29.9380, 0.0541, 0.0084,-0.0267,-0.0319, 0.0519,-0.0267, 0.9338, 0.4880, 6.0446, 1.6710, 0.0000, 0.0000, 0.0000, 0.0000,False
  30.0839, 0.0541, 0.0084,-0.0267,-0.0319, 0.0519,-0.0267, 0.9338, 0.4880, 6.0446, 1.6710, 0.0000, 0.0000, 0.0000, 0.0000,False
  30.3147, 0.0541, 0.0084,-0.0267,-0.0319, 0.0519,-0.0267, 0.9338, 0.4880, 6.0446, 1.6710, 0.0000, 0.0000, 0.0000, 0.0000,False
  30.5712, 0.0541, 0.0084,-0.0267,-0.0319, 0.0519,-0.0267, 0.9338, 0.4880, 6.0446, 1.6710, 0.0000, 0.0000, 0.0000, 0.0000,False
  30.8315, 0.0541, 0.0084,-0.0267,-0.0319, 0.0519,-0.0267, 0.9338, 0.4880, 6.0446, 1.6710, 0.0000, 0.0000, 0.0000, 0.0000,False
  30.9736, 0.0541, 0.0084,-0.0267,-0.0319, 0.0519,-0.0267, 0.9338, 0.4880, 6.0446, 1.6710, 0.0000, 0.0000, 0.0000, 0.0000,False
  31.1092, 0.0541, 0.0084,-0.0267,-0.0319, 0.0519,-0.0267, 0.9338, 0.4880, 6.0446, 1.6710, 0.0000, 0.0000, 0.0000, 0.0000,False
  31.2395, 0.0541, 0.0084,-0.0267,-0.0319, 0.0519,-0.0267, 0.9338, 0.4880, 6.0446, 1.6710, 0.0000, 0.0000, 0.0000, 0.0000,False
  31.3693, 0.0541, 0.0084,-0.0267,-0.0319, 0.0519,-0.0267, 0.9338, 0.4880, 6.0446, 1.6710, 0.0000, 0.0000, 0.0000, 0.0000,False
  31.4990, 0.0541, 0.0084,-0.0267,-0.0319, 0.0519,-0.0267, 0.9338, 0.4880, 6.0446, 1.6710, 0.0000, 0.0000, 0.0000, 0.0000,False
  31.5930, 0.0541, 0.0084,-0.0267,-0.0319, 0.0519,-0.0267, 0.9338, 0.4880, 6.0446, 1.6710, 0.0000, 0.0000, 0.0000, 0.0000,False
  31.7545, 0.0541, 0.0084,-0.0267,-0.0319, 0.0519,-0.0267, 0.9338, 0.4880, 6.0446, 1.6710, 0.0000, 0.0000, 0.0000, 0.0000,False
  31.9917, 0.0541, 0.0084,-0.0267,-0.0319, 0.0519,-0.0267, 0.9338, 0.4880, 6.0446, 1.6710, 0.0000, 0.0000, 0.0000, 0.0000,False
  32.2785, 0.0541, 0.0084,-0.0267,-0.0319, 0.0519,-0.0267, 0.9338, 0.4880, 6.0446, 1.6710, 0.0000, 0.0000, 0.0000, 0.0000,False
  32.5017, 0.0541, 0.0084,-0.0267,-0.0319, 0.0519,-0.0267, 0.9338, 0.4880, 6.0446, 1.6710, 0.0000, 0.0000, 0.0000, 0.0000,False
  32.6306, 0.0541, 0.0084,-0.0267,-0.0319, 0.0519,-0.0267, 0.9338, 0.4880, 6.0446, 1.6710, 0.0000, 0.0000, 0.0000, 0.0000,False
  32.7660, 0.0541, 0.0084,-0.0267,-0.0319, 0.0519,-0.0267, 0.9338, 0.4880, 6.0446, 1.6710, 0.0000, 0.0000, 0.0000, 0.0000,False
  32.9045, 0.0541, 0.0084,-0.0267,-0.0319, 0.0519,-0.0267, 0.9338, 0.4880, 6.0446, 1.6710, 0.0000, 0.0000, 0.0000, 0.0000,False
  33.0459, 0.0541, 0.0084,-0.0267,-0.0319, 0.0519,-0.0267, 0.9338, 0.4880, 6.0446, 1.6710, 0.0000, 0.0000, 0.0000, 0.0000,False
  33.1394, 0.0541, 0.0084,-0.0267,-0.0319, 0.0519,-0.0267, 0.9338, 0.4880, 6.0446, 1.6710, 0.0000, 0.0000, 0.0000, 0.0000,False
  33.2665, 0.0541, 0.0084,-0.0267,-0.0319, 0.0519,-0.0267, 0.9338, 0.4880, 6.0446, 1.6710, 0.0000, 0.0000, 0.0000, 0.0000,False
  33.4244, 0.0541, 0.0084,-0.0267,-0.0319, 0.0519,-0.0267, 0.9338, 0.4880, 6.0446, 1.6710, 0.0000, 0.0000, 0.0000, 0.0000,False
  33.7133, 0.0541, 0.0084,-0.0267,-0.0319, 0.0519,-0.0267, 0.9338, 0.4880, 6.0446, 1.6710, 0.0000, 0.0000, 0.0000, 0.0000,False
  33.9264, 0.0541, 0.0084,-0.0267,-0.0319, 0.0519,-0.0267, 0.9338, 0.4880, 6.0446, 1.6710, 0.0000, 0.0000, 0.0000, 0.0000,False
  34.1892, 0.0541, 0.0084,-0.0267,-0.0319, 0.0519,-0.0267, 0.9338, 0.4880, 6.0446, 1.6710, 0.0000, 0.0000, 0.0000, 0.0000,False
  34.3536, 0.0541, 0.0084,-0.0267,-0.0319, 0.0519,-0.0267, 0.9338, 0.4880, 6.0446, 1.6710, 0.0000, 0.0000, 0.0000, 0.0000,False
  34.4487, 0.0541, 0.0084,-0.0267,-0.0319, 0.0519,-0.0267, 0.9338, 0.4880, 6.0446, 1.6710, 0.0000, 0.0000, 0.0000, 0.0000,False
  34.5549, 0.0541, 0.0084,-0.0267,-0.0319, 0.0519,-0.0267, 0.9338, 0.4880, 6.0446, 1.6710, 0.0000, 0.0000, 0.0000, 0.0000,False
  34.6940, 0.0541, 0.0084,-0.0267,-0.0319, 0.0519,-0.0267, 0.9338, 0.4880, 6.0446, 1.6710, 0.0000, 0.0000, 0.0000, 0.0000,False
  34.8286, 0.0541, 0.0084,-0.0267,-0.0319, 0.0519,-0.0267, 0.9338, 0.4880, 6.0446, 1.6710, 0.0000, 0.0000, 0.0000, 0.0000,False
  34.9604, 0.0541, 0.0084,-0.0267,-0.0319, 0.0519,-0.0267, 0.9338, 0.4880, 6.0446, 1.6710, 0.0000, 0.0000, 0.0000, 0.0000,False
  35.0936, 0.0541, 0.0084,-0.0267,-0.0319, 0.0519,-0.0267, 0.9338, 0.4880, 6.0446, 1.6710, 0.0000, 0.0000, 0.0000, 0.0000,False
  35.3262, 0.0541, 0.0084,-0.0267,-0.0319, 0.0519,-0.0267, 0.9338, 0.4880, 6.0446, 1.6710, 0.0000, 0.0000, 0.0000, 0.0000,False
  35.5817, 0.0541, 0.0084,-0.0267,-0.0319, 0.0519,-0.0267, 0.9338, 0.4880, 6.0446, 1.6710, 0.0000, 0.0000, 0.0000, 0.0000,False
  35.8631, 0.0541, 0.0084,-0.0267,-0.0319, 0.0519,-0.0267, 0.9338, 0.4880, 6.0446, 1.6710, 0.0000, 0.0000, 0.0000, 0.0000,False
  35.9632, 0.0541, 0.0084,-0.0267,-0.0319, 0.0519,-0.0267, 0.9338, 0.4880, 6.0446, 1.6710, 0.0000, 0.0000, 0.0000, 0.0000,False
  36.0986, 0.0541, 0.0084,-0.0267,-0.0319, 0.0519,-0.0267, 0.9338, 0.4880, 6.0446, 1.6710, 0.0000, 0.0000, 0.0000, 0.0000,False
  36.2316, 0.0541, 0.0084,-0.0267,-0.0319, 0.0519,-0.0267, 0.9338, 0.4880, 6.0446, 1.6710, 0.0000, 0.0000, 0.0000, 0.0000,False
  36.3621, 0.0541, 0.0084,-0.0267,-0.0319, 0.0519,-0.0267, 0.9338, 0.4880, 6.0446, 1.6710, 0.0000, 0.0000, 0.0000, 0.0000,False
  36.5167, 0.0541, 0.0084,-0.0267,-0.0319, 0.0519,-0.0267, 0.9338, 0.4880, 6.0446, 1.6710, 0.0000, 0.0000, 0.0000, 0.0000,False
  36.6189, 0.0541, 0.0084,-0.0267,-0.0319, 0.0519,-0.0267, 0.9338, 0.4880, 6.0446, 1.6710, 0.0000, 0.0000, 0.0000, 0.0000,False
  36.8244, 0.0541, 0.0084,-0.0267,-0.0319, 0.0519,-0.0267, 0.9338, 0.4880, 6.0446, 1.6710, 0.0000, 0.0000, 0.0000, 0.0000,False
  36.9998, 0.0541, 0.0084,-0.0267,-0.0319, 0.0519,-0.0267, 0.9338, 0.4880, 6.0446, 1.6710, 0.0000, 0.0000, 0.0000, 0.0000,False
  37.2706, 0.0541, 0.0084,-0.0267,-0.0319, 0.0519,-0.0267, 0.9338, 0.4880, 6.0446, 1.6710, 0.0000, 0.0000, 0.0000, 0.0000,False
  37.5029, 0.0541, 0.0084,-0.0267,-0.0319, 0.0519,-0.0267, 0.9338, 0.4880, 6.0446, 1.6710, 0.0000, 0.0000, 0.0000, 0.0000,False
  37.6321, 0.0541, 0.0084,-0.0267,-0.0319, 0.0519,-0.0267, 0.9338, 0.4880, 6.0446, 1.6710, 0.0000, 0.0000, 0.0000, 0.0000,False
  37.8030, 0.0541, 0.0084,-0.0267,-0.0319, 0.0519,-0.0267, 0.9338, 0.4880, 6.0446, 1.6710, 0.0000, 0.0000, 0.0000, 0.0000,False
  37.9072, 0.0541, 0.0084,-0.0267,-0.0319, 0.0519,-0.0267, 0.9338, 0.4880, 6.0446, 1.6710, 0.0000, 0.0000, 0.0000, 0.0000,False
  38.0569, 0.0541, 0.0084,-0.0267,-0.0319, 0.0519,-0.0267, 0.9338, 0.4880, 6.0446, 1.6710, 0.0000, 0.0000, 0.0000, 0.0000,False
  38.1548, 0.0541, 0.0084,-0.0267,-0.0319, 0.0519,-0.0267, 0.9338, 0.4880, 6.0446, 1.6710, 0.0000, 0.0000, 0.0000, 0.0000,False
  38.3520, 0.0541, 0.0084,-0.0267,-0.0319, 0.0519,-0.0267, 0.9338, 0.4880, 6.0446, 1.6710, 0.0000, 0.0000, 0.0000, 0.0000,False
  38.5606, 0.0541, 0.0084,-0.0267,-0.0319, 0.0519,-0.0267, 0.9338, 0.4880, 6.0446, 1.6710, 0.0000, 0.0000, 0.0000, 0.0000,False
  38.7974, 0.0541, 0.0084,-0.0267,-0.0319, 0.0519,-0.0267, 0.9338, 0.4880, 6.0446, 1.6710, 0.0000, 0.0000, 0.0000, 0.0000,False
  39.0528, 0.0541, 0.0084,-0.0267,-0.0319, 0.0519,-0.0267, 0.9338, 0.4880, 6.0446, 1.6710, 0.0000, 0.0000, 0.0000, 0.0000,False
  39.3025, 0.0541, 0.0084,-0.0267,-0.0319, 0.0519,-0.0267, 0.9338, 0.4880, 6.0446, 1.6710, 0.0000, 0.0000, 0.0000, 0.0000,False
  39.4296, 0.0541, 0.0084,-0.0267,-0.0319, 0.0519,-0.0267, 0.9338, 0.4880, 6.0446, 1.6710, 0.0000, 0.0000, 0.0000, 0.0000,False
  39.5839, 0.0541, 0.0084,-0.0267,-0.0319, 0.0519,-0.0267, 0.9338, 0.4880, 6.0446, 1.6710, 0.0000, 0.0000, 0.0000, 0.0000,False
  39.7397, 0.0541, 0.0084,-0.0267,-0.0319, 0.0519,-0.0267, 0.9338, 0.4880, 6.0446, 1.6710, 0.0000, 0.0000, 0.0000, 0.0000,False
  39.8493, 0.0541, 0.0084,-0.0267,-0.0319, 0.0519,-0.0267, 0.9338, 0.4880, 6.0446, 1.6710, 0.0000, 0.0000, 0.0000, 0.0000,False
  39.9559, 0.0541, 0.0084,-0.0267,-0.0319, 0.0519,-0.0267, 0.9338, 0.4880, 6.0446, 1.6710, 0.0000, 0.0000, 0.0000, 0.0000,False
  40.0951, 0.0541, 0.0084,-0.0267,-0.0319, 0.0519,-0.0267, 0.9338, 0.4880, 6.0446, 1.6710, 0.0000, 0.0000, 0.0000, 0.0000,False
  40.3612, 0.0541, 0.0084,-0.0267,-0.0319, 0.0519,-0.0267, 0.9338, 0.4880, 6.0446, 1.6710, 0.0000, 0.0000, 0.0000, 0.0000,False
  40.5843, 0.0541, 0.0084,-0.0267,-0.0319, 0.0519,-0.0267, 0.9338, 0.4880, 6.0446, 1.6710, 0.0000, 0.0000, 0.0000, 0.0000,False
  40.8493, 0.0541, 0.0084,-0.0267,-0.0319, 0.0519,-0.0267, 0.9338, 0.4880, 6.0446, 1.6710, 0.0000, 0.0000, 0.0000, 0.0000,False
  40.9782, 0.0541, 0.0084,-0.0267,-0.0319, 0.0519,-0.0267, 0.9338, 0.4880, 6.0446, 1.6710, 0.0000, 0.0000, 0.0000, 0.0000,False
  41.1120, 0.0541, 0.0084,-0.0267,-0.0319, 0.0519,-0.0267, 0.9338, 0.4880, 6.0446, 1.6710, 0.0000, 0.0000, 0.0000, 0.0000,False
  41.2576, 0.0541, 0.0084,-0.0267,-0.0319, 0.0519,-0.0267, 0.9338, 0.4880, 6.0446, 1.6710, 0.0000, 0.0000, 0.0000, 0.0000,False
  41.3991, 0.0541, 0.0084,-0.0267,-0.0319, 0.0519,-0.0267, 0.9338, 0.4880, 6.0446, 1.6710, 0.0000, 0.0000, 0.0000, 0.0000,False
  41.6328, 0.0541, 0.0084,-0.0267,-0.0319, 0.0519,-0.0267, 0.9338, 0.4880, 6.0446, 1.6710, 0.0000, 0.0000, 0.0000, 0.0000,False
  41.7631, 0.0541, 0.0084,-0.0267,-0.0319, 0.0519,-0.0267, 0.9338, 0.4880, 6.0446, 1.6710, 0.0000, 0.0000, 0.0000, 0.0000,False
  41.8920, 0.0541, 0.0084,-0.0267,-0.0319, 0.0519,-0.0267, 0.9338, 0.4880, 6.0446, 1.6710, 0.0000, 0.0000, 0.0000, 0.0000,False
  42.1438, 0.0541, 0.0084,-0.0267,-0.0319, 0.0519,-0.0267, 0.9338, 0.4880, 6.0446, 1.6710, 0.0000, 0.0000, 0.0000, 0.0000,False
  42.3994, 0.0541, 0.0084,-0.0267,-0.0319, 0.0519,-0.0267, 0.9338, 0.4880, 6.0446, 1.6710, 0.0000, 0.0000, 0.0000, 0.0000,False
  42.6569, 0.0541, 0.0084,-0.0267,-0.0319, 0.0519,-0.0267, 0.9338, 0.4880, 6.0446, 1.6710, 0.0000, 0.0000, 0.0000, 0.0000,False
  42.7910, 0.0541, 0.0084,-0.0267,-0.0319, 0.0519,-0.0267, 0.9338, 0.4880, 6.0446, 1.6710, 0.0000, 0.0000, 0.0000, 0.0000,False
  42.9191, 0.0541, 0.0084,-0.0267,-0.0319, 0.0519,-0.0267, 0.9338, 0.4880, 6.0446, 1.6710, 0.0000, 0.0000, 0.0000, 0.0000,False
  43.0492, 0.0541, 0.0084,-0.0267,-0.0319, 0.0519,-0.0267, 0.9338, 0.4880, 6.0446, 1.6710, 0.0000, 0.0000, 0.0000, 0.0000,False
  43.1766, 0.0541, 0.0084,-0.0267,-0.0319, 0.0519,-0.0267, 0.9338, 0.4880, 6.0446, 1.6710, 0.0000, 0.0000, 0.0000, 0.0000,False
  43.3063, 0.0541, 0.0084,-0.0267,-0.0319, 0.0519,-0.0267, 0.9338, 0.4880, 6.0446, 1.6710, 0.0000, 0.0000, 0.0000, 0.0000,False
  43.4425, 0.0541, 0.0084,-0.0267,-0.0319, 0.0519,-0.0267, 0.9338, 0.4880, 6.0446, 1.6710, 0.0000, 0.0000, 0.0000, 0.0000,False
  43.5550, 0.0541, 0.0084,-0.0267,-0.0319, 0.0519,-0.0267, 0.9338, 0.4880, 6.0446, 1.6710, 0.0000, 0.0000, 0.0000, 0.0000,False
  43.8197, 0.0541, 0.0084,-0.0267,-0.0319, 0.0519,-0.0267, 0.9338, 0.4880, 6.0446, 1.6710, 0.0000, 0.0000, 0.0000, 0.0000,False
  44.0528, 0.0541, 0.0084,-0.0267,-0.0319, 0.0519,-0.0267, 0.9338, 0.4880, 6.0446, 1.6710, 0.0000, 0.0000, 0.0000, 0.0000,False
  44.3365, 0.0541, 0.0084,-0.0267,-0.0319, 0.0519,-0.0267, 0.9338, 0.4880, 6.0446, 1.6710, 0.0000, 0.0000, 0.0000, 0.0000,False
  44.4653, 0.0541, 0.0084,-0.0267,-0.0319, 0.0519,-0.0267, 0.9338, 0.4880, 6.0446, 1.6710, 0.0000, 0.0000, 0.0000, 0.0000,False
  44.5937, 0.0541, 0.0084,-0.0267,-0.0319, 0.0519,-0.0267, 0.9338, 0.4880, 6.0446, 1.6710, 0.0000, 0.0000, 0.0000, 0.0000,False
  44.6934, 0.0541, 0.0084,-0.0267,-0.0319, 0.0519,-0.0267, 0.9338, 0.4880, 6.0446, 1.6710, 0.0000, 0.0000, 0.0000, 0.0000,False
  44.8282, 0.0541, 0.0084,-0.0267,-0.0319, 0.0519,-0.0267, 0.9338, 0.4880, 6.0446, 1.6710, 0.0000, 0.0000, 0.0000, 0.0000,False
  44.9622, 0.0541, 0.0084,-0.0267,-0.0319, 0.0519,-0.0267, 0.9338, 0.4880, 6.0446, 1.6710, 0.0000, 0.0000, 0.0000, 0.0000,False
  45.0943, 0.0541, 0.0084,-0.0267,-0.0319, 0.0519,-0.0267, 0.9338, 0.4880, 6.0446, 1.6710, 0.0000, 0.0000, 0.0000, 0.0000,False
  45.2218, 0.0541, 0.0084,-0.0267,-0.0319, 0.0519,-0.0267, 0.9338, 0.4880, 6.0446, 1.6710, 0.0000, 0.0000, 0.0000, 0.0000,False
  45.4841, 0.0541, 0.0084,-0.0267,-0.0319, 0.0519,-0.0267, 0.9338, 0.4880, 6.0446, 1.6710, 0.0000, 0.0000, 0.0000, 0.0000,False
  45.7452, 0.0541, 0.0084,-0.0267,-0.0319, 0.0519,-0.0267, 0.9338, 0.4880, 6.0446, 1.6710, 0.0000, 0.0000, 0.0000, 0.0000,False
  45.9775, 0.0541, 0.0084,-0.0267,-0.0319, 0.0519,-0.0267, 0.9338, 0.4880, 6.0446, 1.6710, 0.0000, 0.0000, 0.0000, 0.0000,False
  46.1131, 0.0541, 0.0084,-0.0267,-0.0319, 0.0519,-0.0267, 0.9338, 0.4880, 6.0446, 1.6710, 0.0000, 0.0000, 0.0000, 0.0000,False
  46.2439, 0.0541, 0.0084,-0.0267,-0.0319, 0.0519,-0.0267, 0.9338, 0.4880, 6.0446, 1.6710, 0.0000, 0.0000, 0.0000, 0.0000,False
  46.3740, 0.0541, 0.0084,-0.0267,-0.0319, 0.0519,-0.0267, 0.9338, 0.4880, 6.0446, 1.6710, 0.0000, 0.0000, 0.0000, 0.0000,False
  46.5034, 0.0541, 0.0084,-0.0267,-0.0319, 0.0519,-0.0267, 0.9338, 0.4880, 6.0446, 1.6710, 0.0000, 0.0000, 0.0000, 0.0000,False
  46.6443, 0.0541, 0.0084,-0.0267,-0.0319, 0.0519,-0.0267, 0.9338, 0.4880, 6.0446, 1.6710, 0.0000, 0.0000, 0.0000, 0.0000,False
  46.7829, 0.0541, 0.0084,-0.0267,-0.0319, 0.0519,-0.0267, 0.9338, 0.4880, 6.0446, 1.6710, 0.0000, 0.0000, 0.0000, 0.0000,False
  47.0153, 0.0541, 0.0084,-0.0267,-0.0319, 0.0519,-0.0267, 0.9338, 0.4880, 6.0446, 1.6710, 0.0000, 0.0000, 0.0000, 0.0000,False
  47.2911, 0.0541, 0.0084,-0.0267,-0.0319, 0.0519,-0.0267, 0.9338, 0.4880, 6.0446, 1.6710, 0.0000, 0.0000, 0.0000, 0.0000,False
  47.5260, 0.0541, 0.0084,-0.0267,-0.0319, 0.0519,-0.0267, 0.9338, 0.4880, 6.0446, 1.6710, 0.0000, 0.0000, 0.0000, 0.0000,False
  47.6668, 0.0541, 0.0084,-0.0267,-0.0319, 0.0519,-0.0267, 0.9338, 0.4880, 6.0446, 1.6710, 0.0000, 0.0000, 0.0000, 0.0000,False
  47.8008, 0.0541, 0.0084,-0.0267,-0.0319, 0.0519,-0.0267, 0.9338, 0.4880, 6.0446, 1.6710, 0.0000, 0.0000, 0.0000, 0.0000,False
  47.9451, 0.0541, 0.0084,-0.0267,-0.0319, 0.0519,-0.0267, 0.9338, 0.4880, 6.0446, 1.6710, 0.0000, 0.0000, 0.0000, 0.0000,False
  48.0533, 0.0541, 0.0084,-0.0267,-0.0319, 0.0519,-0.0267, 0.9338, 0.4880, 6.0446, 1.6710, 0.0000, 0.0000, 0.0000, 0.0000,False
  48.1896, 0.0541, 0.0084,-0.0267,-0.0319, 0.0519,-0.0267, 0.9338, 0.4880, 6.0446, 1.6710, 0.0000, 0.0000, 0.0000, 0.0000,False
  48.3205, 0.0541, 0.0084,-0.0267,-0.0319, 0.0519,-0.0267, 0.9338, 0.4880, 6.0446, 1.6710, 0.0000, 0.0000, 0.0000, 0.0000,False
  48.4397, 0.0541, 0.0084,-0.0267,-0.0319, 0.0519,-0.0267, 0.9338, 0.4880, 6.0446, 1.6710, 0.0000, 0.0000, 0.0000, 0.0000,False
  48.6850, 0.0541, 0.0084,-0.0267,-0.0319, 0.0519,-0.0267, 0.9338, 0.4880, 6.0446, 1.6710, 0.0000, 0.0000, 0.0000, 0.0000,False
  48.9562, 0.0541, 0.0084,-0.0267,-0.0319, 0.0519,-0.0267, 0.9338, 0.4880, 6.0446, 1.6710, 0.0000, 0.0000, 0.0000, 0.0000,False
  49.2813, 0.0541, 0.0084,-0.0267,-0.0319, 0.0519,-0.0267, 0.9338, 0.4880, 6.0446, 1.6710, 0.0000, 0.0000, 0.0000, 0.0000,False
  49.3507, 0.0541, 0.0084,-0.0267,-0.0319, 0.0519,-0.0267, 0.9338, 0.4880, 6.0446, 1.6710, 0.0000, 0.0000, 0.0000, 0.0000,False
  49.4678, 0.0541, 0.0084,-0.0267,-0.0319, 0.0519,-0.0267, 0.9338, 0.4880, 6.0446, 1.6710, 0.0000, 0.0000, 0.0000, 0.0000,False
  49.5820, 0.0541, 0.0084,-0.0267,-0.0319, 0.0519,-0.0267, 0.9338, 0.4880, 6.0446, 1.6710, 0.0000, 0.0000, 0.0000, 0.0000,False
  49.7366, 0.0541, 0.0084,-0.0267,-0.0319, 0.0519,-0.0267, 0.9338, 0.4880, 6.0446, 1.6710, 0.0000, 0.0000, 0.0000, 0.0000,False
  49.8892, 0.0541, 0.0084,-0.0267,-0.0319, 0.0519,-0.0267, 0.9338, 0.4880, 6.0446, 1.6710, 0.0000, 0.0000, 0.0000, 0.0000,False
  50.1049, 0.0541, 0.0084,-0.0267,-0.0319, 0.0519,-0.0267, 0.9338, 0.4880, 6.0446, 1.6710, 0.0000, 0.0000, 0.0000, 0.0000,False
  50.2418, 0.0541, 0.0084,-0.0267,-0.0319, 0.0519,-0.0267, 0.9338, 0.4880, 6.0446, 1.6710, 0.0000, 0.0000, 0.0000, 0.0000,False
  50.4812, 0.0541, 0.0084,-0.0267,-0.0319, 0.0519,-0.0267, 0.9338, 0.4880, 6.0446, 1.6710, 0.0000, 0.0000, 0.0000, 0.0000,False
  50.7464, 0.0541, 0.0084,-0.0267,-0.0319, 0.0519,-0.0267, 0.9338, 0.4880, 6.0446, 1.6710, 0.0000, 0.0000, 0.0000, 0.0000,False
  51.0162, 0.0541, 0.0084,-0.0267,-0.0319, 0.0519,-0.0267, 0.9338, 0.4880, 6.0446, 1.6710, 0.0000, 0.0000, 0.0000, 0.0000,False
  51.2260, 0.0541, 0.0084,-0.0267,-0.0319, 0.0519,-0.0267, 0.9338, 0.4880, 6.0446, 1.6710, 0.0000, 0.0000, 0.0000, 0.0000,False
  51.4117, 0.0541, 0.0084,-0.0267,-0.0319, 0.0519,-0.0267, 0.9338, 0.4880, 6.0446, 1.6710, 0.0000, 0.0000, 0.0000, 0.0000,False
  51.5225, 0.0541, 0.0084,-0.0267,-0.0319, 0.0519,-0.0267, 0.9338, 0.4880, 6.0446, 1.6710, 0.0000, 0.0000, 0.0000, 0.0000,False
  51.6389, 0.0541, 0.0084,-0.0267,-0.0319, 0.0519,-0.0267, 0.9338, 0.4880, 6.0446, 1.6710, 0.0000, 0.0000, 0.0000, 0.0000,False
  51.8528, 0.0541, 0.0084,-0.0267,-0.0319, 0.0519,-0.0267, 0.9338, 0.4880, 6.0446, 1.6710, 0.0000, 0.0000, 0.0000, 0.0000,False
  52.0364, 0.0541, 0.0084,-0.0267,-0.0319, 0.0519,-0.0267, 0.9338, 0.4880, 6.0446, 1.6710, 0.0000, 0.0000, 0.0000, 0.0000,False
  52.2859, 0.0541, 0.0084,-0.0267,-0.0319, 0.0519,-0.0267, 0.9338, 0.4880, 6.0446, 1.6710, 0.0000, 0.0000, 0.0000, 0.0000,False
  52.5603, 0.0541, 0.0084,-0.0267,-0.0319, 0.0519,-0.0267, 0.9338, 0.4880, 6.0446, 1.6710, 0.0000, 0.0000, 0.0000, 0.0000,False
  52.6635, 0.0541, 0.0084,-0.0267,-0.0319, 0.0519,-0.0267, 0.9338, 0.4880, 6.0446, 1.6710, 0.0000, 0.0000, 0.0000, 0.0000,False
  52.7986, 0.0541, 0.0084,-0.0267,-0.0319, 0.0519,-0.0267, 0.9338, 0.4880, 6.0446, 1.6710, 0.0000, 0.0000, 0.0000, 0.0000,False
  52.9673, 0.0541, 0.0084,-0.0267,-0.0319, 0.0519,-0.0267, 0.9338, 0.4880, 6.0446, 1.6710, 0.0000, 0.0000, 0.0000, 0.0000,False
  53.0809, 0.0541, 0.0084,-0.0267,-0.0319, 0.0519,-0.0267, 0.9338, 0.4880, 6.0446, 1.6710, 0.0000, 0.0000, 0.0000, 0.0000,False
  53.2053, 0.0541, 0.0084,-0.0267,-0.0319, 0.0519,-0.0267, 0.9338, 0.4880, 6.0446, 1.6710, 0.0000, 0.0000, 0.0000, 0.0000,False
  53.3141, 0.0541, 0.0084,-0.0267,-0.0319, 0.0519,-0.0267, 0.9338, 0.4880, 6.0446, 1.6710, 0.0000, 0.0000, 0.0000, 0.0000,False
  53.4665, 0.0541, 0.0084,-0.0267,-0.0319, 0.0519,-0.0267, 0.9338, 0.4880, 6.0446, 1.6710, 0.0000, 0.0000, 0.0000, 0.0000,False
  53.6213, 0.0541, 0.0084,-0.0267,-0.0319, 0.0519,-0.0267, 0.9338, 0.4880, 6.0446, 1.6710, 0.0000, 0.0000, 0.0000, 0.0000,False
   9.3270, 0.0541, 0.0084,-0.0267,-0.0319, 0.0519,-0.0267, 0.9338, 0.4880, 6.0446, 1.6710, 0.0000, 0.0000, 0.0000, 0.0000,False
   9.3790, 0.0541, 0.0084,-0.0267,-0.0319, 0.0519,-0.0267, 0.9338, 0.4880, 6.0446, 1.6710, 0.0000, 0.0000, 0.0000, 0.0000,False
   9.5069, 0.0541, 0.0084,-0.0267,-0.0319, 0.0519,-0.0267, 0.9338, 0.4880, 6.0446, 1.6710, 0.0000, 0.0000, 0.0000, 0.0000,False
   9.6378, 0.0541, 0.0084,-0.0267,-0.0319, 0.0519,-0.0267, 0.9338, 0.4880, 6.0446, 1.6710, 0.0000, 0.0000, 0.0000, 0.0000,False
   9.7779, 0.0541, 0.0084,-0.0267,-0.0319, 0.0519,-0.0267, 0.9338, 0.4880, 6.0446, 1.6710, 0.0000, 0.0000, 0.0000, 0.0000,False
   9.9438, 0.0541, 0.0084,-0.0267,-0.0319, 0.0519,-0.0267, 0.9338, 0.4880, 6.0446, 1.6710, 0.0000, 0.0000, 0.0000, 0.0000,False
  10.1899, 0.0541, 0.0084,-0.0267,-0.0319, 0.0519,-0.0267, 0.9338, 0.4880, 6.0446, 1.6710, 0.0000, 0.0000, 0.0000, 0.0000,False
  10.4050, 0.0541, 0.0084,-0.0267,-0.0319, 0.0519,-0.0267, 0.9338, 0.4880, 6.0446, 1.6710, 0.0000, 0.0000, 0.0000, 0.0000,False
  10.6702, 0.0541, 0.0084,-0.0267,-0.0319, 0.0519,-0.0267, 0.9338, 0.4880, 6.0446, 1.6710, 0.0000, 0.0000, 0.0000, 0.0000,False
  10.8035, 0.0541, 0.0084,-0.0267,-0.0319, 0.0519,-0.0267, 0.9338, 0.4880, 6.0446, 1.6710, 0.0000, 0.0000, 0.0000, 0.0000,False
  10.9365, 0.0541, 0.0084,-0.0267,-0.0319, 0.0519,-0.0267, 0.9338, 0.4880, 6.0446, 1.6710, 0.0000, 0.0000, 0.0000, 0.0000,False
  11.0708, 0.0541, 0.0084,-0.0267,-0.0319, 0.0519,-0.0267, 0.9338, 0.4880, 6.0446, 1.6710, 0.0000, 0.0000, 0.0000, 0.0000,False
  11.2031, 0.0541, 0.0084,-0.0267,-0.0319, 0.0519,-0.0267, 0.9338, 0.4880, 6.0446, 1.6710, 0.0000, 0.0000, 0.0000, 0.0000,False
  11.3091, 0.0541, 0.0084,-0.0267,-0.0319, 0.0519,-0.0267, 0.9338, 0.4880, 6.0446, 1.6710, 0.0000, 0.0000, 0.0000, 0.0000,False
  11.4532, 0.0541, 0.0084,-0.0267,-0.0319, 0.0519,-0.0267, 0.9338, 0.4880, 6.0446, 1.6710, 0.0000, 0.0000, 0.0000, 0.0000,False
  11.5915, 0.0541, 0.0084,-0.0267,-0.0319, 0.0519,-0.0267, 0.9338, 0.4880, 6.0446, 1.6710, 0.0000, 0.0000, 0.0000, 0.0000,False
  11.8320, 0.0541, 0.0084,-0.0267,-0.0319, 0.0519,-0.0267, 0.9338, 0.4880, 6.0446, 1.6710, 0.0000, 0.0000, 0.0000, 0.0000,False
  12.0920, 0.0541, 0.0084,-0.0267,-0.0319, 0.0519,-0.0267, 0.9338, 0.4880, 6.0446, 1.6710, 0.0000, 0.0000, 0.0000, 0.0000,False
  12.3791, 0.0541, 0.0084,-0.0267,-0.0319, 0.0519,-0.0267, 0.9338, 0.4880, 6.0446, 1.6710, 0.0000, 0.0000, 0.0000, 0.0000,False
  12.5615, 0.0541, 0.0084,-0.0267,-0.0319, 0.0519,-0.0267, 0.9338, 0.4880, 6.0446, 1.6710, 0.0000, 0.0000, 0.0000, 0.0000,False
  12.7850, 0.0541, 0.0084,-0.0267,-0.0319, 0.0519,-0.0267, 0.9338, 0.4880, 6.0446, 1.6710, 0.0000, 0.0000, 0.0000, 0.0000,False
  12.8590, 0.0541, 0.0084,-0.0267,-0.0319, 0.0519,-0.0267, 0.9338, 0.4880, 6.0446, 1.6710, 0.0000, 0.0000, 0.0000, 0.0000,False
  13.0002, 0.0541, 0.0084,-0.0267,-0.0319, 0.0519,-0.0267, 0.9338, 0.4880, 6.0446, 1.6710, 0.0000, 0.0000, 0.0000, 0.0000,False
  13.0956, 0.0541, 0.0084,-0.0267,-0.0319, 0.0519,-0.0267, 0.9338, 0.4880, 6.0446, 1.6710, 0.0000, 0.0000, 0.0000, 0.0000,False
  13.2506, 0.0541, 0.0084,-0.0267,-0.0319, 0.0519,-0.0267, 0.9338, 0.4880, 6.0446, 1.6710, 0.0000, 0.0000, 0.0000, 0.0000,False
  13.4951, 0.0541, 0.0084,-0.0267,-0.0319, 0.0519,-0.0267, 0.9338, 0.4880, 6.0446, 1.6710, 0.0000, 0.0000, 0.0000, 0.0000,False
  13.7479, 0.0541, 0.0084,-0.0267,-0.0319, 0.0519,-0.0267, 0.9338, 0.4880, 6.0446, 1.6710, 0.0000, 0.0000, 0.0000, 0.0000,False
  14.0455, 0.0541, 0.0084,-0.0267,-0.0319, 0.0519,-0.0267, 0.9338, 0.4880, 6.0446, 1.6710, 0.0000, 0.0000, 0.0000, 0.0000,False
  14.1524, 0.0541, 0.0084,-0.0267,-0.0319, 0.0519,-0.0267, 0.9338, 0.4880, 6.0446, 1.6710, 0.0000, 0.0000, 0.0000, 0.0000,False
  14.2749, 0.0541, 0.0084,-0.0267,-0.0319, 0.0519,-0.0267, 0.9338, 0.4880, 6.0446, 1.6710, 0.0000, 0.0000, 0.0000, 0.0000,False
  14.5366, 0.0541, 0.0084,-0.0267,-0.0319, 0.0519,-0.0267, 0.9338, 0.4880, 6.0446, 1.6710, 0.0000, 0.0000, 0.0000, 0.0000,False
  14.6771, 0.0541, 0.0084,-0.0267,-0.0319, 0.0519,-0.0267, 0.9338, 0.4880, 6.0446, 1.6710, 0.0000, 0.0000, 0.0000, 0.0000,False
  14.7756, 0.0541, 0.0084,-0.0267,-0.0319, 0.0519,-0.0267, 0.9338, 0.4880, 6.0446, 1.6710, 0.0000, 0.0000, 0.0000, 0.0000,False
  14.9154, 0.0541, 0.0084,-0.0267,-0.0319, 0.0519,-0.0267, 0.9338, 0.4880, 6.0446, 1.6710, 0.0000, 0.0000, 0.0000, 0.0000,False
  15.1531, 0.0541, 0.0084,-0.0267,-0.0319, 0.0519,-0.0267, 0.9338, 0.4880, 6.0446, 1.6710, 0.0000, 0.0000, 0.0000, 0.0000,False
  15.4207, 0.0541, 0.0084,-0.0267,-0.0319, 0.0519,-0.0267, 0.9338, 0.4880, 6.0446, 1.6710, 0.0000, 0.0000, 0.0000, 0.0000,False
  15.6767, 0.0541, 0.0084,-0.0267,-0.0319, 0.0519,-0.0267, 0.9338, 0.4880, 6.0446, 1.6710, 0.0000, 0.0000, 0.0000, 0.0000,False
  15.8046, 0.0541, 0.0084,-0.0267,-0.0319, 0.0519,-0.0267, 0.9338, 0.4880, 6.0446, 1.6710, 0.0000, 0.0000, 0.0000, 0.0000,False
  15.9350, 0.0541, 0.0084,-0.0267,-0.0319, 0.0519,-0.0267, 0.9338, 0.4880, 6.0446, 1.6710, 0.0000, 0.0000, 0.0000, 0.0000,False
  16.0660, 0.0541, 0.0084,-0.0267,-0.0319, 0.0519,-0.0267, 0.9338, 0.4880, 6.0446, 1.6710, 0.0000, 0.0000, 0.0000, 0.0000,False
  16.1971, 0.0541, 0.0084,-0.0267,-0.0319, 0.0519,-0.0267, 0.9338, 0.4880, 6.0446, 1.6710, 0.0000, 0.0000, 0.0000, 0.0000,False
  16.3313, 0.0541, 0.0084,-0.0267,-0.0319, 0.0519,-0.0267, 0.9338, 0.4880, 6.0446, 1.6710, 0.0000, 0.0000, 0.0000, 0.0000,False
  16.4656, 0.0541, 0.0084,-0.0267,-0.0319, 0.0519,-0.0267, 0.9338, 0.4880, 6.0446, 1.6710, 0.0000, 0.0000, 0.0000, 0.0000,False
  16.5964, 0.0541, 0.0084,-0.0267,-0.0319, 0.0519,-0.0267, 0.9338, 0.4880, 6.0446, 1.6710, 0.0000, 0.0000, 0.0000, 0.0000,False
  16.6930, 0.0541, 0.0084,-0.0267,-0.0319, 0.0519,-0.0267, 0.9338, 0.4880, 6.0446, 1.6710, 0.0000, 0.0000, 0.0000, 0.0000,False
  16.9975, 0.0541, 0.0084,-0.0267,-0.0319, 0.0519,-0.0267, 0.9338, 0.4880, 6.0446, 1.6710, 0.0000, 0.0000, 0.0000, 0.0000,False
  17.2366, 0.0541, 0.0084,-0.0267,-0.0319, 0.0519,-0.0267, 0.9338, 0.4880, 6.0446, 1.6710, 0.0000, 0.0000, 0.0000, 0.0000,False
  17.4940, 0.0541, 0.0084,-0.0267,-0.0319, 0.0519,-0.0267, 0.9338, 0.4880, 6.0446, 1.6710, 0.0000, 0.0000, 0.0000, 0.0000,False
  17.6324, 0.0541, 0.0084,-0.0267,-0.0319, 0.0519,-0.0267, 0.9338, 0.4880, 6.0446, 1.6710, 0.0000, 0.0000, 0.0000, 0.0000,False
  17.7328, 0.0541, 0.0084,-0.0267,-0.0319, 0.0519,-0.0267, 0.9338, 0.4880, 6.0446, 1.6710, 0.0000, 0.0000, 0.0000, 0.0000,False
  17.8634, 0.0541, 0.0084,-0.0267,-0.0319, 0.0519,-0.0267, 0.9338, 0.4880, 6.0446, 1.6710, 0.0000, 0.0000, 0.0000, 0.0000,False
  17.9993, 0.0541, 0.0084,-0.0267,-0.0319, 0.0519,-0.0267, 0.9338, 0.4880, 6.0446, 1.6710, 0.0000, 0.0000, 0.0000, 0.0000,False
  18.1287, 0.0541, 0.0084,-0.0267,-0.0319, 0.0519,-0.0267, 0.9338, 0.4880, 6.0446, 1.6710, 0.0000, 0.0000, 0.0000, 0.0000,False
  18.2703, 0.0541, 0.0084,-0.0267,-0.0319, 0.0519,-0.0267, 0.9338, 0.4880, 6.0446, 1.6710, 0.0000, 0.0000, 0.0000, 0.0000,False
  18.3698, 0.0541, 0.0084,-0.0267,-0.0319, 0.0519,-0.0267, 0.9338, 0.4880, 6.0446, 1.6710, 0.0000, 0.0000, 0.0000, 0.0000,False
  18.6212, 0.0541, 0.0084,-0.0267,-0.0319, 0.0519,-0.0267, 0.9338, 0.4880, 6.0446, 1.6710, 0.0000, 0.0000, 0.0000, 0.0000,False
  18.8864, 0.0541, 0.0084,-0.0267,-0.0319, 0.0519,-0.0267, 0.9338, 0.4880, 6.0446, 1.6710, 0.0000, 0.0000, 0.0000, 0.0000,False
  19.1472, 0.0541, 0.0084,-0.0267,-0.0319, 0.0519,-0.0267, 0.9338, 0.4880, 6.0446, 1.6710, 0.0000, 0.0000, 0.0000, 0.0000,False
  19.2737, 0.0541, 0.0084,-0.0267,-0.0319, 0.0519,-0.0267, 0.9338, 0.4880, 6.0446, 1.6710, 0.0000, 0.0000, 0.0000, 0.0000,False
  54.6342, 0.0541, 0.0084,-0.0267,-0.0319, 0.0519,-0.0267, 0.9338, 0.4880, 6.0446, 1.6710, 0.0000, 0.0000, 0.0000, 0.0000,False
  54.6802, 0.0541, 0.0084,-0.0267,-0.0319, 0.0519,-0.0267, 0.9338, 0.4880, 6.0446, 1.6710, 0.0000, 0.0000, 0.0000, 0.0000,False
  54.9404, 0.0541, 0.0084,-0.0267,-0.0319, 0.0519,-0.0267, 0.9338, 0.4880, 6.0446, 1.6710, 0.0000, 0.0000, 0.0000, 0.0000,False
  55.1959, 0.0541, 0.0084,-0.0267,-0.0319, 0.0519,-0.0267, 0.9338, 0.4880, 6.0446, 1.6710, 0.0000, 0.0000, 0.0000, 0.0000,False
  55.4408, 0.0541, 0.0084,-0.0267,-0.0319, 0.0519,-0.0267, 0.9338, 0.4880, 6.0446, 1.6710, 0.0000, 0.0000, 0.0000, 0.0000,False
  55.5813, 0.0541, 0.0084,-0.0267,-0.0319, 0.0519,-0.0267, 0.9338, 0.4880, 6.0446, 1.6710, 0.0000, 0.0000, 0.0000, 0.0000,False
  55.7080, 0.0541, 0.0084,-0.0267,-0.0319, 0.0519,-0.0267, 0.9338, 0.4880, 6.0446, 1.6710, 0.0000, 0.0000, 0.0000, 0.0000,False
  55.8406, 0.0541, 0.0084,-0.0267,-0.0319, 0.0519,-0.0267, 0.9338, 0.4880, 6.0446, 1.6710, 0.0000, 0.0000, 0.0000, 0.0000,False
  55.9433, 0.0541, 0.0084,-0.0267,-0.0319, 0.0519,-0.0267, 0.9338, 0.4880, 6.0446, 1.6710, 0.0000, 0.0000, 0.0000, 0.0000,False
  56.0790, 0.0541, 0.0084,-0.0267,-0.0319, 0.0519,-0.0267, 0.9338, 0.4880, 6.0446, 1.6710, 0.0000, 0.0000, 0.0000, 0.0000,False
  56.2288, 0.0541, 0.0084,-0.0267,-0.0319, 0.0519,-0.0267, 0.9338, 0.4880, 6.0446, 1.6710, 0.0000, 0.0000, 0.0000, 0.0000,False
  56.4838, 0.0541, 0.0084,-0.0267,-0.0319, 0.0519,-0.0267, 0.9338, 0.4880, 6.0446, 1.6710, 0.0000, 0.0000, 0.0000, 0.0000,False
  56.7095, 0.0541, 0.0084,-0.0267,-0.0319, 0.0519,-0.0267, 0.9338, 0.4880, 6.0446, 1.6710, 0.0000, 0.0000, 0.0000, 0.0000,False
  56.9920, 0.0541, 0.0084,-0.0267,-0.0319, 0.0519,-0.0267, 0.9338, 0.4880, 6.0446, 1.6710, 0.0000, 0.0000, 0.0000, 0.0000,False
  57.1270, 0.0541, 0.0084,-0.0267,-0.0319, 0.0519,-0.0267, 0.9338, 0.4880, 6.0446, 1.6710, 0.0000, 0.0000, 0.0000, 0.0000,False
  57.2730, 0.0541, 0.0084,-0.0267,-0.0319, 0.0519,-0.0267, 0.9338, 0.4880, 6.0446, 1.6710, 0.0000, 0.0000, 0.0000, 0.0000,False
  57.3829, 0.0541, 0.0084,-0.0267,-0.0319, 0.0519,-0.0267, 0.9338, 0.4880, 6.0446, 1.6710, 0.0000, 0.0000, 0.0000, 0.0000,False
  57.5628, 0.0541, 0.0084,-0.0267,-0.0319, 0.0519,-0.0267, 0.9338, 0.4880, 6.0446, 1.6710, 0.0000, 0.0000, 0.0000, 0.0000,False
  57.7550, 0.0541, 0.0084,-0.0267,-0.0319, 0.0519,-0.0267, 0.9338, 0.4880, 6.0446, 1.6710, 0.0000, 0.0000, 0.0000, 0.0000,False
  58.0586, 0.0541, 0.0084,-0.0267,-0.0319, 0.0519,-0.0267, 0.9338, 0.4880, 6.0446, 1.6710, 0.0000, 0.0000, 0.0000, 0.0000,False
  58.2762, 0.0541, 0.0084,-0.0267,-0.0319, 0.0519,-0.0267, 0.9338, 0.4880, 6.0446, 1.6710, 0.0000, 0.0000, 0.0000, 0.0000,False
  58.5113, 0.0541, 0.0084,-0.0267,-0.0319, 0.0519,-0.0267, 0.9338, 0.4880, 6.0446, 1.6710, 0.0000, 0.0000, 0.0000, 0.0000,False
  58.7776, 0.0541, 0.0084,-0.0267,-0.0319, 0.0519,-0.0267, 0.9338, 0.4880, 6.0446, 1.6710, 0.0000, 0.0000, 0.0000, 0.0000,False
  58.9097, 0.0541, 0.0084,-0.0267,-0.0319, 0.0519,-0.0267, 0.9338, 0.4880, 6.0446, 1.6710, 0.0000, 0.0000, 0.0000, 0.0000,False
  59.0435, 0.0541, 0.0084,-0.0267,-0.0319, 0.0519,-0.0267, 0.9338, 0.4880, 6.0446, 1.6710, 0.0000, 0.0000, 0.0000, 0.0000,False
  59.1735, 0.0541, 0.0084,-0.0267,-0.0319, 0.0519,-0.0267, 0.9338, 0.4880, 6.0446, 1.6710, 0.0000, 0.0000, 0.0000, 0.0000,False
  59.3071, 0.0541, 0.0084,-0.0267,-0.0319, 0.0519,-0.0267, 0.9338, 0.4880, 6.0446, 1.6710, 0.0000, 0.0000, 0.0000, 0.0000,False
  59.4362, 0.0541, 0.0084,-0.0267,-0.0319, 0.0519,-0.0267, 0.9338, 0.4880, 6.0446, 1.6710, 0.0000, 0.0000, 0.0000, 0.0000,False
  59.5651, 0.0541, 0.0084,-0.0267,-0.0319, 0.0519,-0.0267, 0.9338, 0.4880, 6.0446, 1.6710, 0.0000, 0.0000, 0.0000, 0.0000,False
  59.8392, 0.0541, 0.0084,-0.0267,-0.0319, 0.0519,-0.0267, 0.9338, 0.4880, 6.0446, 1.6710, 0.0000, 0.0000, 0.0000, 0.0000,False
  60.0950, 0.0541, 0.0084,-0.0267,-0.0319, 0.0519,-0.0267, 0.9338, 0.4880, 6.0446, 1.6710, 0.0000, 0.0000, 0.0000, 0.0000,False
  60.3164, 0.0541, 0.0084,-0.0267,-0.0319, 0.0519,-0.0267, 0.9338, 0.4880, 6.0446, 1.6710, 0.0000, 0.0000, 0.0000, 0.0000,False
  60.4538, 0.0541, 0.0084,-0.0267,-0.0319, 0.0519,-0.0267, 0.9338, 0.4880, 6.0446, 1.6710, 0.0000, 0.0000, 0.0000, 0.0000,False
  60.5983, 0.0541, 0.0084,-0.0267,-0.0319, 0.0519,-0.0267, 0.9338, 0.4880, 6.0446, 1.6710, 0.0000, 0.0000, 0.0000, 0.0000,False
  60.7100, 0.0541, 0.0084,-0.0267,-0.0319, 0.0519,-0.0267, 0.9338, 0.4880, 6.0446, 1.6710, 0.0000, 0.0000, 0.0000, 0.0000,False
  60.8218, 0.0541, 0.0084,-0.0267,-0.0319, 0.0519,-0.0267, 0.9338, 0.4880, 6.0446, 1.6710, 0.0000, 0.0000, 0.0000, 0.0000,False
  60.9588, 0.0541, 0.0084,-0.0267,-0.0319, 0.0519,-0.0267, 0.9338, 0.4880, 6.0446, 1.6710, 0.0000, 0.0000, 0.0000, 0.0000,False
  61.0897, 0.0541, 0.0084,-0.0267,-0.0319, 0.0519,-0.0267, 0.9338, 0.4880, 6.0446, 1.6710, 0.0000, 0.0000, 0.0000, 0.0000,False
  61.2553, 0.0541, 0.0084,-0.0267,-0.0319, 0.0519,-0.0267, 0.9338, 0.4880, 6.0446, 1.6710, 0.0000, 0.0000, 0.0000, 0.0000,False
  61.4632, 0.0541, 0.0084,-0.0267,-0.0319, 0.0519,-0.0267, 0.9338, 0.4880, 6.0446, 1.6710, 0.0000, 0.0000, 0.0000, 0.0000,False
  61.7382, 0.0541, 0.0084,-0.0267,-0.0319, 0.0519,-0.0267, 0.9338, 0.4880, 6.0446, 1.6710, 0.0000, 0.0000, 0.0000, 0.0000,False
  61.9962, 0.0541, 0.0084,-0.0267,-0.0319, 0.0519,-0.0267, 0.9338, 0.4880, 6.0446, 1.6710, 0.0000, 0.0000, 0.0000, 0.0000,False
  62.1485, 0.0541, 0.0084,-0.0267,-0.0319, 0.0519,-0.0267, 0.9338, 0.4880, 6.0446, 1.6710, 0.0000, 0.0000, 0.0000, 0.0000,False
  62.2502, 0.0541, 0.0084,-0.0267,-0.0319, 0.0519,-0.0267, 0.9338, 0.4880, 6.0446, 1.6710, 0.0000, 0.0000, 0.0000, 0.0000,False
  62.3667, 0.0541, 0.0084,-0.0267,-0.0319, 0.0519,-0.0267, 0.9338, 0.4880, 6.0446, 1.6710, 0.0000, 0.0000, 0.0000, 0.0000,False
  62.5208, 0.0541, 0.0084,-0.0267,-0.0319, 0.0519,-0.0267, 0.9338, 0.4880, 6.0446, 1.6710, 0.0000, 0.0000, 0.0000, 0.0000,False
  62.7676, 0.0541, 0.0084,-0.0267,-0.0319, 0.0519,-0.0267, 0.9338, 0.4880, 6.0446, 1.6710, 0.0000, 0.0000, 0.0000, 0.0000,False
  62.8997, 0.0541, 0.0084,-0.0267,-0.0319, 0.0519,-0.0267, 0.9338, 0.4880, 6.0446, 1.6710, 0.0000, 0.0000, 0.0000, 0.0000,False
  63.0272, 0.0541, 0.0084,-0.0267,-0.0319, 0.0519,-0.0267, 0.9338, 0.4880, 6.0446, 1.6710, 0.0000, 0.0000, 0.0000, 0.0000,False
  63.2546, 0.0541, 0.0084,-0.0267,-0.0319, 0.0519,-0.0267, 0.9338, 0.4880, 6.0446, 1.6710, 0.0000, 0.0000, 0.0000, 0.0000,False
  63.5199, 0.0541, 0.0084,-0.0267,-0.0319, 0.0519,-0.0267, 0.9338, 0.4880, 6.0446, 1.6710, 0.0000, 0.0000, 0.0000, 0.0000,False
  63.7731, 0.0541, 0.0084,-0.0267,-0.0319, 0.0519,-0.0267, 0.9338, 0.4880, 6.0446, 1.6710, 0.0000, 0.0000, 0.0000, 0.0000,False
  63.9046, 0.0541, 0.0084,-0.0267,-0.0319, 0.0519,-0.0267, 0.9338, 0.4880, 6.0446, 1.6710, 0.0000, 0.0000, 0.0000, 0.0000,False
  64.0325, 0.0541, 0.0084,-0.0267,-0.0319, 0.0519,-0.0267, 0.9338, 0.4880, 6.0446, 1.6710, 0.0000, 0.0000, 0.0000, 0.0000,False
  64.1679, 0.0541, 0.0084,-0.0267,-0.0319, 0.0519,-0.0267, 0.9338, 0.4880, 6.0446, 1.6710, 0.0000, 0.0000, 0.0000, 0.0000,False
  64.3017, 0.0541, 0.0084,-0.0267,-0.0319, 0.0519,-0.0267, 0.9338, 0.4880, 6.0446, 1.6710, 0.0000, 0.0000, 0.0000, 0.0000,False
  64.4350, 0.0541, 0.0084,-0.0267,-0.0319, 0.0519,-0.0267, 0.9338, 0.4880, 6.0446, 1.6710, 0.0000, 0.0000, 0.0000, 0.0000,False
  64.5641, 0.0541, 0.0084,-0.0267,-0.0319, 0.0519,-0.0267, 0.9338, 0.4880, 6.0446, 1.6710, 0.0000, 0.0000, 0.0000, 0.0000,False
